["a","a","a's","a's","ai's","ail","ails","ain't","ainu","air","air's","airily","airport","airport's","airports","airs","airstrip","airstrip's","airstrips","airway","airway's","airways","airy","al","al","al's","al's","ala","alan","alan","alan's","alan's","alana","alana's","alar","alar's","alas","alay","alays","ali","alias","alias's","alisa","alisa","alisa's","alisa's","alison","alison","alison's","alison's","alistair","alistair's","alit","alot","alots","alow","alows","aloy","aloy's","aloys","alpo","alpo's","alps","alps's","alsatian","alsatian's","also","alsop","alsop's","alston","alston's","alta","altai","altai's","altair","altar","altar's","altars","altiplano","altiplano's","alto","alto's","alton","alton's","altos","altruist","altruist's","altruists","alusion","alusion's","alusions","always","aly","aly's","alysa","alysa's","alyson","alyson","alyson's","alyson's","an","an","an's","ana","ana","ana's","anal","anals","anals's","analysis","analysis's","analyst","analyst's","analysts","ananias","ananias's","anapolis","anapolis's","anapurna","anapurna's","anastasia","anatolia","anatolia's","anatolian","anatolian's","ani","anion","anion's","anions","anita","anita's","anoint","anoints","anon","anons","anotation","anotation's","anotations","anoy","anoys","ant","ant's","anti","anti's","antipas","antipas's","antipasti","antipasto","antipasto's","antipastos","antis","antitrust","antiwar","anton","anton's","antonia","antonia's","antoninus","antonio","antonio's","antonius","antony","antony's","ants","antwan","antwan's","anual","anual's","anuals","anualy","anuity","anuity's","anul","anular","anuls","anus","anus's","any","anyway","aol","aol's","aorta","aorta's","aortas","apal","apal","apalosa","apalosa's","apals","apals","aparatus","aparatus's","aparition","aparition's","aparitions","apart","apia","apiary","apiary's","aply","apoint","apoints","apolo","apolo's","apolonian","apolos","aportion","aportions","aposition","aposition's","apostasy","apostasy's","apr","apr's","apraisal","apraisal's","apraisals","april","april's","aprils","apron","apron's","aprons","apropos","apropriation","apropriation's","apropriations","apt","aptly","ar","ar's","ara","ara's","aral","aral's","arant","ararat","ararat's","aray","aray's","arays","aria","aria's","arias","ariosto","arius","arius's","arno","arno's","aron","aron","aron","aron's","aron's","arousal","arousal's","arow","arow's","arowrot","arowrot's","arows","aroyo","aroyo's","aroyos","arson","arson's","arsonist","arsonist's","arsonists","art","art","art's","art's","artisan","artisan's","artisans","artist","artist's","artistry","artistry's","artists","arts","artsy","arturo","arturo's","arty","aryan","aryan's","aryans","as","as","as","as's","asail","asailant","asailant's","asailants","asails","asasin","asasin's","asasination","asasination's","asasinations","asasins","asault","asault's","asaults","asay","asay's","asays","asia","asia's","asian","asian's","asians","asisi","asist","asist's","asistant","asistant's","asistants","asists","asl's","aslant","asort","asorts","asp","asp's","aspirant","aspirant's","aspirants","aspiration","aspiration's","aspirations","aspirin","aspirin's","aspirins","asps","astana","astana's","astir","aston","astor","astoria","astral","astray","astronaut","astronaut's","astronauts","asturias","aswan","aswan's","asyria","asyria's","asyrian","asyrian's","asyrians","at","at","at's","atain","atains","atalanta","atar","atar's","atari","atari's","atila","atila's","atlanta","atlanta's","atlantis","atlantis's","atlas","atlas","atlas's","atlas's","atol","atol's","atols","atonal","atonality","atonality's","atop","atp's","atria","atria","atria's","atrition","atrition's","atropos","atropos's","ats","au","au's","aunt","aunt's","aunts","aura","aura's","aural","auraly","auras","aurora","aurora's","austin","austin's","austins","australasia","australasia's","australia","australia's","australian","australian's","australians","austria","austria's","austrian","austrian's","austrians","auto","auto's","autopilot","autopilot's","autopilots","autopsy","autopsy's","autos","await","awaits","away","awl","awl's","awls","awol","awol's","awry","ay","ay's","ayala","ayala's","i","i","i'l","i's","ian","ian's","il","il","il's","ila","ilinois","ilinois's","ils","ilusion","ilusion's","ilusions","ilusory","ilustration","ilustration's","ilustrations","ilustrator","ilustrator's","ilustrators","ilustrious","in","in","in","in's","in's","in's","ina","ina's","inanity","inanity's","inapt","initial","initial's","initials","initialy","initiation","initiation's","initiations","initiator","initiator's","initiators","inlay","inlay's","inlays","inonu","inonu's","input","input's","inputs","ins","ins","insanity","insanity's","insinuation","insinuation's","insinuations","insist","insists","inspiration","inspiration's","inspirational","inspirations","instal","instal","instalation","instalation's","instalations","instals","instals","instant","instant's","instantly","instants","instil","instil","instils","instils","institution","institution's","institutional","institutions","insular","insularity","insularity's","insulation","insulation's","insulator","insulator's","insulators","insulin","insulin's","insult","insult's","insults","into","intonation","intonation's","intonations","intro's","intros","intrusion","intrusion's","intrusions","intrust","intrusts","intuit","intuition","intuition's","intuitions","intuits","inuit","inuit's","inuits","io","io's","ion","ion's","ionian","ionian's","ions","iota","iota's","iotas","iou's","iowa","iowa's","iowan","iowan's","iowans","iowas","ir","ir's","ira","ira's","ira's","iran","iran's","iranian","iranian's","iranians","irational","irational's","irationality","irationality's","irationals","irationaly","iris","iris","iris's","iritant","iritant's","iritants","iritation","iritation's","iritations","iron","iron's","irons","irony","irony's","irs's","iruption","iruption's","iruptions","irwin","irwin's","is","isis","isis's","isn't","isolation","isolation's","isolationist","isolationist's","isolationists","it","it","it'l","it's","itaipu","itaipu's","italian","italian's","italians","italy","italy's","ito","its","iyar","iyar's","l","l","l's","la","la","la's","la's","lain","lair","lair's","lairs","laity","laity's","laius","lana","lana's","lanai","lanai's","lano","lano's","lanolin","lanolin's","lanos","lany","lany's","lao","lao's","laos","laotian","laotian's","laotians","lap","lap","lap's","lap's","laps","laps","laptop","laptop's","laptops","lara","lara's","lariat","lariat's","lariats","lars","larson","larson's","lary","lary's","las","las's","lasa","lasa's","laso","laso's","lasos","last","last's","lastly","lasts","latin","latin's","latina","latino","latino's","latinos","latins","latonya","latonya's","latoya","latoya's","lats","laura","laura's","laurasia","laurasia's","lauri","lauri's","law","law's","lawn","lawn's","lawns","laws","lawson","lawsuit","lawsuit's","lawsuits","lay","lay's","layaway","layaway's","layla","layla's","layout","layout's","layouts","lays","li","li's","liaison","liaison's","liaisons","liar","liar's","liars","lila","lila's","lilia","lilia's","lilian","lilian","lilian's","lilian's","liliana","liliana's","liliput","liliput's","liliputian","liliputian's","liliputians","lilt","lilt's","lilts","lily","lily","lily","lily's","lily's","lily's","lin","lin's","lina","lina's","lint","lint's","linton","linton's","linus","linus's","lion","lion's","lions","lip","lip's","lipi","lips","lipton","lipton's","lira","lira's","liras","lisa","lisa's","lisp","lisp's","lisps","list","list's","liston","liston's","lists","lit","litany","litany's","liton","liton's","litoral","litoral's","litorals","ln","lo","loan","loan's","loans","loin","loin's","loins","lois","lois's","lol","lola","lola's","lolipop","lolipop's","lolipops","lolita","lols","lolypop","lolypop's","lolypops","lon","lon","lon's","lon's","lons","lony","lony's","lop","lop","lop's","lops","lops","lopy","lora","lora's","lori","lori's","lorn","lorna","lorna's","lory","lory's","los","los's","lost","lot","lot","lot","lot","lot's","lot's","lot's","lot's","lotion","lotion's","lotions","loto","loto's","lots","lots","lotus","lotus's","lou","lou's","louis","louisa","louisa's","louisiana","louisiana's","louisianan","louisianan's","louisianans","louisianian","louisianian's","louisianians","lousy","lout","lout's","louts","low","low's","lowly","lows","loyal","loyalist","loyalist's","loyalists","loyalty","loyalty's","loyaly","loyola","lpn's","lr","ls","lt","lu","lu's","luan","luan's","luau","luau's","luaus","luis","luis's","luisa","luisa's","lul","lul's","lula","lula's","luls","lulu","lulu's","luly","luna","luna's","lunar","lupin","lupin's","lupins","lupus","lupus","lupus's","lupus's","luria","luria's","lusitania","lusitania's","lust","lust's","lustily","lustrous","lusts","lusty","lyly","lyn","lyon","lyon's","lyons","lyra","lyra's","lysistrata","lysistrata's","lysol","lysol's","n","n","n's","na","na's","nail","nail's","nails","naipaul","naipaul's","nair","nair's","nan","nan's","nany","nany's","nap","nap's","naps","napy","napy's","naration","naration's","narations","narator","narator's","narators","narnia","narnia's","narow","narow's","narowly","narows","nary","nasa's","nasal","nasal's","nasals","nasaly","nasau","nasau's","nastily","nasty","nat","nat's","natal","natalia","natalia's","natily","nation","nation","nation's","national","national's","nationalist","nationalist's","nationalists","nationality","nationality's","nationals","nationaly","nations","nato's","natural","natural's","naturalist","naturalist's","naturalists","naturals","naturaly","naty","nauru","nauru's","nautili","nautilus","nautilus","nautilus's","nay","nay's","nays","ni","nil","nil's","nina","nina's","niny","niny's","nip","nip's","nipon","nipon's","nips","nipy","nisan","nisan","nisan's","nisan's","nit","nit's","nita","nita's","nits","nitwit","nitwit's","nitwits","no","no's","noisily","noisy","nola","nola's","nolan","nolan's","non","non","non's","nona","nona's","nonpartisan","nonpartisan's","nonpartisans","nonplus","nonpoisonous","nonstop","nonsuport","nonsuport's","nonunion","nor","nora","nora's","noris","norplant","norton","norton's","norway","norway's","nostril","nostril's","nostrils","nosy","not","notary","notary's","notation","notation's","notations","notion","notion's","notional","notionaly","notions","notorious","notoriously","noun","noun's","nouns","nous","now","now's","noway","np","np's","nu","nul","nulity","nulity's","nuls","nun","nun's","nuns","nuptial","nuptial's","nuptials","nut","nut's","nutria","nutria's","nutrias","nutrition","nutrition's","nutritional","nutritionaly","nutritionist","nutritionist's","nutritionists","nutritious","nuts","nuty","nw's","nyasa","nyasa's","nylon","nylon's","nylons","nylons's","o","o","o's","oar","oar's","oars","oas's","oasis","oasis's","oat","oat's","oats","oats's","oil","oil's","oils","oily","ola","ola's","olin","olin's","olson","olson's","on","onasis","onion","onion","onion's","onion's","onions","only","ono","ono's","ontario","ontario's","onto","onus","onus's","opal","opal","opal's","opal's","opals","opinion","opinion's","opinions","oportunist","oportunist's","oportunists","oportunity","oportunity's","oposition","oposition's","ops","opt","option","option's","optional","optionaly","options","opts","opus","opus's","or","or","or's","ora","ora's","oral","oral's","orals","oraly","oran","oran's","oration","oration's","orations","orator","orator's","oratorio","oratorio's","oratorios","orators","oratory","oratory's","orin","orin's","orion","orion's","oriya","oriya's","orlon","orlon's","orlons","orly","orly's","ort","ort's","os","osiris","osiris's","oslo","oslo's","otawa","otawa's","otawas","otis","otis's","oto","our","ours","oust","ousts","out","out's","outlast","outlasts","outlaw","outlaw's","outlaws","outlay","outlay's","outlays","outplay","outplays","outpost","outpost's","outposts","output","output's","outputs","outran","outrun","outruns","outré","outs","outstation","outstation's","outstations","outstay","outstays","outstrip","outstrips","outstript","outwit","outwits","outworn","ow","owl","owl's","owls","own","owns","p","p","p's","pa","pa","pa's","pa's","pa's","pail","pail's","pails","pain","pain's","pains","paint","paint's","paints","pair","pair's","pairs","pal","pal","pal's","pal's","palatal","palatal's","palatals","palatial","palau","paliation","paliation's","palor","palor's","palpation","palpation's","palpitation","palpitation's","palpitations","pals","pals","palsy","palsy's","paltry","pan","pan","pan's","pan's","panoply","panoply's","pans","pansy","pansy","pansy's","pansy's","pant","pant's","pantalon","pantalon's","pantalons","pantalons's","pantry","pantry's","pants","pantsuit","pantsuit's","pantsuits","panty","panty's","pap","pap's","papa","papa's","papal","papas","papaw","papaw's","papaws","papaya","papaya's","papayas","papila","papila's","paps","papyri","papyrus","papyrus's","par","par","par","par's","par's","paralysis","paralysis's","paranoia","paranoia's","paraná","paraná's","parasol","parasol's","parasols","paratrops","paratrops's","paris","paris's","parisian","parisian's","parisians","parity","parity's","parlay","parlay's","parlays","parlor","parlor's","parlors","parnasus","parnasus's","parot","parot's","parots","pars","parsi","parsi's","parsnip","parsnip's","parsnips","parson","parson's","parsons","parsons","part","part's","partial","partial's","partiality","partiality's","partials","partialy","partisan","partisan's","partisans","partition","partition's","partitions","partly","parts","parturition","parturition's","partway","party","party's","pary","pary's","pas","pas","pas's","pasion","pasion","pasion's","pasion's","pasions","pasions","pasport","pasport's","pasports","past","past's","pasta","pasta's","pastas","pastils","pastor","pastor's","pastoral","pastoral's","pastorals","pastors","pastry","pastry's","pasts","pasty","pasty's","pasé","pat","pat","pat's","pati","patina","patina's","patinas","patio","patio's","patios","patna","patois","patois's","paton","patriot","patriot's","patriots","patrol","patrol's","patrols","patron","patron's","patrons","pats","patsy","patsy","patsy's","patsy's","paty","paty","paty's","paty's","paul","paul's","paula","paula's","pauli","paw","paw's","pawl","pawl's","pawls","pawn","pawn's","pawns","pawpaw","pawpaw's","pawpaws","paws","pay","pay's","paypal","paypal","paypal's","paypal's","payrol","payrol's","payrols","pays","pi","pi's","pianist","pianist's","pianists","piano","piano's","pianola","pianola's","pianos","pil","pil's","pilar","pilar's","pilars","pilau","pilau's","pilaus","pilaw","pilaw's","pilaws","pilion","pilion's","pilions","pilory","pilory's","pilot","pilot's","pilots","pilow","pilow's","pilows","pils","pin","pin's","pinion","pinion's","pinions","pinpoint","pinpoint's","pinpoints","pins","pint","pint's","pinto","pinto's","pintos","pints","pinup","pinup's","pinups","pious","piously","pip","pip's","pipin","pipin","pipin's","pipin's","pipins","pipit","pipit's","pipits","pips","pis","pis","pis's","pisa","pisaro","pisaro's","pisistratus","pistil","pistil's","pistils","pistol","pistol's","pistols","piston","piston's","pistons","pit","pit","pit's","pita","pita's","piton","piton's","pitons","pits","pits","pituitary","pituitary's","pity","pity's","pius","pius's","pl","plain","plain's","plainly","plains","plaint","plaint's","plaints","plait","plait's","plaits","plan","plan's","planar","plans","plant","plant's","plantain","plantain's","plantains","plantation","plantation's","plantations","plants","plato","plato's","platon","platon's","platonist","platonist's","platons","platypi","platypus","platypus's","plautus","plautus's","play","play's","plays","playstation","playstation's","pliant","pliny","plop","plop's","plops","plot","plot's","plots","plow","plow's","plows","ploy","ploy's","ploys","plural","plural's","plurality","plurality's","plurals","plus","plus's","pluto","pluto's","ply","ply's","po","po's","poi","poi's","point","point's","pointilist","pointilist's","pointilists","points","pointy","poirot","poirot's","poison","poison","poison's","poison's","poisonous","poisonously","poisons","pol","pol","pol","pol's","pol's","pol's","polar","polaris","polaris's","polarity","polarity's","polination","polination's","polio","polio's","polios","polity","polity's","polo","polo","polo's","polo's","pols","pols","pols","poltron","poltron's","poltrons","polutant","polutant's","polutants","polution","polution's","poly","poly's","polyana","polyp","polyp's","polyps","pona","ponton","ponton's","pontons","pony","pony's","ponytail","ponytail's","ponytails","pop","pop","pop's","pop's","popa","popa's","popas","popins","popins's","poplar","poplar's","poplars","poplin","poplin's","pops","pops","popular","popularity","popularity's","popularly","population","population's","populations","populist","populist's","populists","populous","popy","popy's","por","porly","porn","porn's","porno","porno's","porosity","porosity's","porous","port","port's","portal","portal's","portals","portia","portia's","portion","portion's","portions","portly","portrait","portrait's","portraitist","portraitist's","portraitists","portraits","portray","portrayal","portrayal's","portrayals","portrays","ports","posit","position","position's","positional","positions","positron","positron's","positrons","posits","post","post","post's","post's","postal","postnatal","posts","postwar","posy","posy's","pot","pot's","potato","potato's","potion","potion's","potions","potpouri","potpouri's","potpouris","pots","pots","pots's","poty","poty's","poultry","poultry's","pour","pours","pousin","pout","pout's","pouts","pow's","powow","powow's","powows","praia","praia's","prat","prat's","prawn","prawn's","prawns","pray","prays","print","print's","printout","printout's","printouts","prints","prior","prior's","priority","priority's","priors","priory","priory's","prison","prison's","prisons","prisy","prius","prius's","pro","pro's","pronoun","pronoun's","pronouns","pronto","prop","prop's","propitiation","propitiation's","propitiatory","propitious","proportion","proportion's","proportional","proportionality","proportionals","proportionaly","proportions","proposal","proposal's","proposals","proposition","proposition's","propositional","propositions","props","propulsion","propulsion's","pros","prostitution","prostitution's","prostration","prostration's","prostrations","prosy","proton","proton's","protons","protrusion","protrusion's","protrusions","proust","proust's","prow","prow's","prowl","prowl's","prowls","prows","pruit","pruit's","prusia","prusia's","prusian","prusian's","prut","pry","pry's","pryor","pryor's","ps's","psoriasis","psoriasis's","pst","pst's","pt","pt's","pu","pu's","pul","pul's","pulout","pulout's","pulouts","pulp","pulp's","pulpit","pulpit's","pulpits","pulps","pulpy","puls","pulsar","pulsar's","pulsars","pulsation","pulsation's","pulsations","pun","pun's","puns","punt","punt's","punts","puny","pup","pup's","pupa","pupa's","pupal","pupas","pupil","pupil's","pupils","pups","pupy","pupy's","pur","pur's","purana","purina","purina's","purist","purist's","purists","puritan","puritan","puritan's","puritans","purity","purity's","purl","purl's","purloin","purloins","purls","purport","purport's","purports","purs","pursuant","pursuit","pursuit's","pursuits","purus","purus's","pus","pus","pus's","pus's","pusan","pusan's","pusy","pusy's","put","put","put's","put's","putin","putin's","puts","puts","puty","puty's","pylon","pylon's","pylons","pyotr","pyotr's","pétain","pétain's","pôrto","pôrto's","r","r","r's","ra","ra's","rail","rail's","rails","railway","railway's","railways","rain","rain's","rains","rainy","raisin","raisin's","raisins","raly","raly's","ran","rant","rant's","rants","raoul","raoul's","rap","rap's","rapist","rapist's","rapists","raport","raport's","raports","raps","rapt","rapturous","rarity","rarity's","rasp","rasp's","rasps","rasputin","raspy","rat","rat's","ratan","ratan's","ratans","ratio","ratio's","ration","ration's","rational","rational's","rationalist","rationalist's","rationalists","rationality","rationality's","rationals","rationaly","rations","ratios","ratrap","ratrap's","ratraps","rats","raty","raul","raul's","raw","raw's","ray","ray","ray's","rayon","rayon's","rays","ril","ril's","rils","rio","rio's","rios","riot","riot's","riotous","riots","rip","rip's","rips","ripsaw","ripsaw's","ripsaws","rita","rita's","ritalin","ritalin's","ritual","ritual's","rituals","ritualy","rn","rn's","rn's","rna's","roan","roan's","roans","roar","roar's","roars","roast","roast's","roasts","roil","roils","rol","rol's","rolins","rols","ron","ron's","rony","rony's","rory","rory's","ros","ros's","rosa","rosa's","rosalyn","rosalyn's","rosana","rosana's","rosario","rosary","rosary's","rosily","rosin","rosin's","rosini","rosini's","rosins","roslyn","roslyn's","rost","rost's","rostra","rosts","rosy","rot","rot","rot","rot's","rot's","rot's","rotarian","rotarian's","rotary","rotary's","rotation","rotation's","rotational","rotations","rotor","rotor's","rotors","rots","rots","rouault","rout","rout's","routs","roué","roué's","roués","row","row's","rows","roy","roy's","royal","royal","royal's","royalist","royalist's","royalists","royals","royalty","royalty's","royaly","rs","ru","ru's","ruin","ruin's","ruination","ruination's","ruinous","ruinously","ruins","run","run's","runaway","runaway's","runaways","runs","runt","runt's","runts","runway","runway's","runways","runy","runyon","rural","rus","rusia","rusia's","rusian","rusian's","rusians","ruso","ruso's","rust","rust's","rusts","rusty","rusty","rusty's","rut","rut's","rutan","rutan's","ruts","ryan","ryan's","s","s","s's","sail","sail's","sailor","sailor's","sailors","sails","saint","saint's","saintly","saints","sal","salary","salary's","salas","salas's","salinas","salinity","salinity's","salon","salon","salon's","salon's","salons","salons","salow","salsa","salsa's","salsas","salt","salt's","salt's","salton","salton's","salts","salty","salust","salutary","salutation","salutation's","salutations","saly","saly","saly's","saly's","salyut","salyut's","san","sana","sana's","sanatoria","sanitaria","sanitary","sanitation","sanitation's","sanity","sanity's","sans","santa","santana","santana's","santayana","santos","sap","sap","sap's","sap's","saporo","saporo's","saps","sapy","sar","sara","sara's","saran","saran's","sarasota","sarasota's","sari","sari's","saris","saroyan","saroyan's","sars","sars's","sarsaparila","sarsaparila's","sarsaparilas","sarto","sartorial","sartorialy","sas","sas's","sasanian","sason","sasy","sat","sat","sat's","satan","satan's","satanist","satanist's","satin","satin's","satiny","satirist","satirist's","satirists","satrap","satrap's","satraps","saturation","saturation's","saturn","saturn's","saturnalia","saturnalia's","satyr","satyr's","satyrs","saul","saul's","sauna","sauna's","saunas","sauté","sauté's","sautés","saw","saw's","sawn","saws","say","say's","says","si","sian","sian's","sil","sil's","silas","silas's","silo","silo's","silos","sils","silt","silt's","silts","silurian","silurian's","sily","sily's","sin","sin's","sinai","sinai's","sinatra","sins","sinuous","sinus","sinus's","sinusitis","sinusitis's","sip","sip's","sips","sir","sir's","sirius","sirius's","sirloin","sirloin's","sirloins","sirs","sirup","sirup's","sirups","sis","sis's","sisal","sisal's","sisy","sisy's","sit","sitar","sitar's","sitars","sits","situation","situation's","situations","slain","slant","slant's","slants","slap","slap's","slaps","slat","slat's","slats","slaw","slaw's","slay","slays","slily","slip","slip's","slips","slit","slit's","slits","sloan","slop","slop","slop's","slop's","slopily","slops","slops","slopy","slot","slot's","slots","slow","slowly","slows","slur","slur's","slurp","slurp's","slurps","slurs","slut","slut's","sluts","sly","slyly","sn","sn's","snail","snail's","snails","snap","snap's","snaps","snapy","snarl","snarl's","snarls","snip","snip's","snips","snipy","snit","snit's","snits","snop","snop's","snops","snopy","snopy","snopy's","snort","snort's","snorts","snot","snot","snot's","snot's","snots","snots","snoty","snoty","snout","snout's","snouts","snow","snow","snow's","snowplow","snowplow's","snowplows","snows","snowsuit","snowsuit's","snowsuits","snowy","so","so's","soap","soap's","soaps","soapy","soar","soar's","soars","soil","soil's","soils","sol","sol","sol's","sol's","solar","solaria","soli","solis","solis's","solitary","solitary's","solo","solo's","soloist","soloist's","soloists","solon","solos","sols","solution","solution's","solutions","son","son","son","son's","son's","sonar","sonar's","sonars","sonata","sonata's","sonatas","sonia","sonia's","sonority","sonority's","sonorous","sons","sony","sony","sony","sony's","sony's","sony's","sonya","sonya's","sop","sop's","sop's","soprano","soprano's","sopranos","sops","sopy","sorority","sorority's","sorow","sorow's","sorows","sort","sort's","sorta","sorts","sory","sos","sos's","sosa","sosa's","sot","sot","sot's","sot's","soto","soto's","sots","soty","soul","soul's","souls","soup","soup's","soups","soupy","soupçon","soupçon's","soupçons","sour","sour's","sourly","sourpus","sourpus's","sours","sousa","sousa's","sow","sow's","sown","sows","soy","soy's","soya","soya's","spa","spa's","spain","spain's","span","span's","spans","spar","spar's","sparow","sparow's","sparows","spars","sparsity","sparsity's","sparta","sparta's","spartan","spartan","spartan's","spartans","spas","spat","spat's","spatial","spatialy","spats","spatula","spatula's","spatulas","spawn","spawn's","spawns","spay","spays","spil","spil's","spils","spilt","spilway","spilway's","spilways","spin","spin's","spinal","spinal's","spinals","spins","spiny","spiral","spiral's","spirals","spiraly","spirit","spirit's","spirits","spiritual","spiritual's","spiritualist","spiritualist's","spiritualists","spirituality","spirituality's","spirituals","spiritualy","spirituous","spiro","spiro's","spit","spit's","spiton","spiton's","spitons","spits","splat","splat's","splats","splay","splay's","splays","splint","splint's","splints","split","split's","splits","spoil","spoil's","spoils","spoilsport","spoilsport's","spoilsports","spoilt","spol","spol's","spoliation","spoliation's","spols","spon","spon's","spons","sponsor","sponsor's","sponsors","spor","spor's","sporan","spors","sport","sport's","sports","sporty","spot","spot's","spots","spoty","spout","spout's","spouts","sprain","sprain's","sprains","sprat","sprat's","sprats","sprawl","sprawl's","sprawls","spray","spray's","sprays","sprint","sprint","sprint's","sprint's","sprints","sprout","sprout's","sprouts","spry","spryly","spun","spur","spur's","spurious","spuriously","spurn","spurns","spurs","spurt","spurt's","spurts","spy","spy's","sr","sr's","st","stain","stain's","stains","stair","stair's","stairs","stairway","stairway's","stairways","stal","stal's","stalin","stalin's","stalinist","stalion","stalion's","stalions","stals","stalwart","stalwart's","stalwarts","stan","stan's","stanton","star","star","star's","star's","starlit","stars","start","start's","starts","stary","stat's","station","station's","stationary","stations","stats","statuary","statuary's","status","status's","statutory","stay","stay's","stays","stil","stil's","stils","stilt","stilt's","stilton","stilton's","stilts","stint","stint's","stints","stipulation","stipulation's","stipulations","stir","stir's","stirs","stirup","stirup's","stirups","stoat","stoat's","stoats","stol","stol's","stols","stolypin","stolypin's","stonily","stony","stop","stop","stop's","stop's","stops","stops","story","story's","stout","stout","stout's","stoutly","stow","stowaway","stowaway's","stowaways","stows","strain","strain's","strains","strait","strait's","straits","strap","strap's","straps","strata","straus","straw","straw's","straws","stray","stray's","strays","strip","strip's","strips","stript","strol","strol's","strols","strop","strop's","strops","strut","strut's","struts","stu","stu's","stuart","stuart's","stuarts","stun","stuns","stunt","stunt's","stunts","stupor","stupor's","stupors","sty","sty's","styli","stylist","stylist's","stylists","stylus","stylus's","styron","styron's","sui","sui's","suit","suit's","suitor","suitor's","suitors","suits","sula","sula's","sultan","sultan's","sultana","sultana's","sultanas","sultans","sultry","suly","sun","sun","sun's","sun's","suni","suni's","sunlit","suns","sunspot","sunspot's","sunspots","suntan","suntan's","suntans","sunup","sunup's","suny","sup","sup's","suplant","suplants","supliant","supliant's","supliants","suply","suply's","suport","suport's","suports","suposition","suposition's","supositions","supository","supository's","supranational","sups","supuration","supuration's","surat","surly","surpas","surplus","surplus's","surya","surya's","susan","susan's","susana","susana","susana's","sustain","sustains","suton","suton's","sw's","swain","swain's","swains","swalow","swalow's","swalows","swalowtail","swalowtail's","swalowtails","swan","swan's","swans","swanson","swanson's","swap","swap's","swaps","swat","swat's","swats","sway","sway's","sways","swil","swil's","swils","swirl","swirl's","swirls","swirly","swis","swis's","swisair","swisair's","swon","swon's","swons","swop","swop","swop's","swop's","swops","swops","sworn","synopsis","synopsis's","syria","syria's","syrian","syrian's","syrians","syrup","syrup's","syrups","syrupy","t","t","t's","ta","ta's","tail","tail's","tailor","tailor's","tailors","tails","tailspin","tailspin's","tailspins","taint","taint's","taints","taiwan","taiwan's","taiyuan","tal","talin","talin's","talon","talon's","talons","talow","talow's","taly","taly's","tan","tan's","tania","tania's","tanin","tanin's","tans","tansy","tansy's","tantalus","tantalus's","tanya","tanya's","tao","tao's","taoist","taoist's","taoists","tap","tap's","tapir","tapir's","tapirs","taprot","taprot's","taprots","taps","tar","tar's","tara","tara's","tarantino","tarantino's","tarantula","tarantula's","tarantulas","tarawa","tarawa's","taro","taro's","taros","tarot","tarot's","tarots","tarp","tarp's","tarpaulin","tarpaulin's","tarpaulins","tarpon","tarpon's","tarpons","tarps","tars","tart","tart's","tartan","tartan's","tartans","tartar","tartar","tartar's","tartar's","tartars","tartars","tartary","tartly","tarts","tary","tas","tasty","tat","tatar","tatar's","tatars","tato","tato's","tatoist","tatoist's","tatoists","tatos","tats","taty","taunt","taunt's","taunts","taurus","taurus's","taut","tautly","tawny","tawny's","taylor","taylor's","ti","ti","ti's","ti's","tia","tia's","tiara","tiara's","tiaras","til","til's","tils","tilsit","tilt","tilt's","tilts","tin","tin's","tina","tina's","tins","tint","tint's","tints","tiny","tiny","tip","tip's","tipi","tipi's","tipis","tips","tipsily","tipsy","tiptop","tiptop's","tiptops","tirana","tirana's","tiro","tiro's","tiros","tit","tit's","titan","titan","titan's","titan's","titania","titans","titian","titian's","titilation","titilation's","tito","tito's","tits","titular","titus","tl","tl's","tnt's","to","to","toast","toast's","toasts","toasty","toil","toil's","toils","tol","tol","tol's","tol's","tols","tols","tolstoy","tolstoy's","tolyati","tolyati's","ton","ton's","tonal","tonality","tonality's","toni","toni's","tonia","tonia's","tons","tonsil","tonsil's","tonsilitis","tonsilitis's","tonsils","tonsorial","tonto","tonto's","tony","tony","tonya","tonya's","top","top's","tops","topsail","topsail's","topsails","topsoil","topsoil's","topsy","topsy's","tor","tor's","torn","toronto","toronto's","torpor","torpor's","tors","torsi","torsion","torsion's","torso","torso's","torsos","tort","tort's","tortila","tortila's","tortilas","tortola","torts","tortuous","tortuously","torus","tory","tory's","tos","tos's","tost","tosup","tosup's","tosups","tot","tot","tot's","tot's","total","total's","totalitarian","totalitarian's","totalitarians","totality","totality's","totals","totaly","toto","toto's","tots","tots","tour","tour's","tourist","tourist's","tourists","tours","tout","tout's","touts","tow","tow's","town","town's","towns","tows","towy","toy","toy's","toyota","toyota's","toys","trail","trail's","trails","trailways","trailways's","train","train's","trains","trait","trait's","traitor","traitor's","traitorous","traitors","traits","tran","tran's","transistor","transistor's","transistors","transit","transit's","transition","transition's","transitional","transitions","transitory","transits","translation","translation's","translations","translator","translator's","translators","transnational","transnational's","transnationals","transpiration","transpiration's","transplant","transplant's","transplantation","transplantation's","transplants","transport","transport's","transportation","transportation's","transports","transposition","transposition's","transpositions","trap","trap's","trapist","trapist's","traps","trawl","trawl's","trawls","tray","tray's","trays","trial","trial's","trials","tril","tril's","trilion","trilion's","trilions","trils","trina","trina's","trinity","trinity","trinity's","trinity's","trio","trio's","trios","trip","trip's","triply","tripoli","tripoli's","tripos","trips","tristan","tristan's","triton","triton's","trol","trol's","trolop","trolop's","trolops","trols","troly","troly's","trop","trop's","trops","trot","trot's","trots","trout","trout's","trouts","troy","troy","troy's","troys","truant","truant's","truants","truly","trus","trus's","trust","trust's","trustpilot","trusts","trusty","trusty's","try","try's","tryout","tryout's","tryouts","tryst","tryst's","trysts","ts","tsar","tsar's","tsarina","tsarina's","tsarinas","tsars","tswana","tswana's","tuition","tuition's","tul","tul's","tulip","tulip's","tulips","tulsa","tulsa's","tun","tun's","tuna","tuna's","tunas","tunis","tunis's","tunisia","tunisia's","tunisian","tunisian's","tunisians","tuns","tuny","tuny's","tupi","tupi's","turin","turin's","turn","turn's","turnip","turnip's","turnips","turnout","turnout's","turnouts","turns","turpin","tut","tut's","tutor","tutor's","tutorial","tutorial's","tutorials","tutors","tutsi","tutu","tutu","tutu's","tutu's","tutus","twa","twa's","twain","twain","twain's","twil","twil's","twila","twila's","twin","twin's","twins","twirl","twirl's","twirls","twist","twist's","twists","twisty","twit","twit's","twits","two","two's","twos","ty","ty's","typist","typist's","typists","typo","typo's","typos","tyranosaur","tyranosaur's","tyranosaurs","tyranosaurus","tyranosaurus's","tyranous","tyrant","tyrant's","tyrants","tyrany","tyrany's","tyro","tyro's","tyros","tyson","tyson's","u","u","u's","ulna","ulna's","ulnas","ultra","ultra's","ultras","un's","unatural","unaturaly","uninstal","uninstals","union","union","union's","union's","unions","unions","uniroyal","uniroyal's","unison","unison's","unit","unit's","unitarian","unitarian's","unitarians","unitary","unitas","unitas's","units","unity","unity's","unpin","unpins","unpopular","unpopularity","unpopularity's","unrol","unrols","unruly","unsanitary","unsay","unsays","unsnap","unsnaps","unsnarl","unsnarls","unspoilt","unstop","unstops","until","unto","untwist","untwists","unusual","unusualy","unwary","unwrap","unwraps","up","upity","upon","uproar","uproar's","uproarious","uproariously","uproars","uprot","uprots","ups","upstairs","upstart","upstart's","upstarts","upton","upton's","uptown","uptown's","upturn","upturn's","upturns","ur","ural","urals","urania","urania's","uranus","uranus's","urinal","urinal's","urinals","urinalysis","urinalysis's","urinary","urination","urination's","uris","urn","urn's","urns","ursa","ursa's","ursula","us","us's","usa's","usr's","usual","usual's","usualy","usurious","usurp","usurpation","usurpation's","usurps","usury","usury's","ut's","utilitarian","utilitarian's","utilitarians","utility","utility's","utopia","utopia","utopia's","utopia's","utopian","utopian","utopian's","utopian's","utopians","utopians","utopias","utopias","utrilo","utrilo's","w","w","w's","w's","wail","wail's","wails","waist","waist's","waists","wait","wait's","waits","wal","wal","wal's","wal's","walis","walnut","walnut's","walnuts","walon","walop","walop's","walops","walow","walow's","walows","walrus","walrus's","wals","wals","walt","walt's","walton","walton's","wan","wana","wanly","want","want's","wanton","wanton's","wantonly","wantons","wants","wapiti","wapiti's","wapitis","war","war's","warant","warant's","warants","waranty","waranty's","warily","warior","warior's","wariors","warn","warns","warp","warp's","warps","wars","warsaw","warsaw's","wart","wart's","warts","warty","wary","was","wasail","wasail's","wasails","wasn't","wasp","wasp","wasp's","wasp's","wasps","wat","wat","wat's","wats","wats","wats's","watson","watusi","way","way's","waylay","waylays","ways","wi","wi's","wil","wil","wil's","wil's","wila","wila's","wilis","wilow","wilow's","wilows","wilowy","wils","wilson","wilson's","wilsonian","wilt","wilt's","wilton","wilton's","wilts","wily","wily","wily's","win","win's","wino","wino's","winos","winow","winows","wins","winston","winston's","wintry","wiry","wis","wisp","wisp's","wisps","wispy","wist","wistaria","wistaria's","wistarias","wit","wit","wit's","wit's","witily","wits","wits's","wity","wo","wol","wol's","woly","woly","woly's","woly's","won","won's","won't","wont","wont's","worn","worst","worst's","worsts","wory","wory's","worywart","worywart's","worywarts","wos","wot","wotan","wotan's","wow","wow's","wows","wrap","wrap's","wraps","wrapt","wrist","wrist's","wrists","writ","writ's","writs","wry","wryly","wu","wu's","wus","wus's","wyat","wyn","wyn's","wyo","y","y","y'al","y's","yalow","yalow's","yalta","yalta's","yalu","yalu's","yap","yap's","yaps","yarn","yarn's","yarns","yataro","yataro's","yaw","yaw's","yawl","yawl's","yawls","yawn","yawn's","yawns","yaws","yaws's","yip","yip's","yips","yo","yon","yosarian","yosarian's","you","you'l","you's","your","yours","yous","yowl","yowl's","yowls","ypsilanti","yuan","yuan's","yunan","yunan's","yup","yup's","yups","yupy","yupy's","yuri","yuri's","élan","élan's"]
